,source,Electric Range,2020 Census Tract,Postal Code,Postal Code1,Model,Model1
0,fake,102.10775,99999740.0,98661.0,0.0,EQS-CLASS SEDAN,SORENTO
1,fake,93.83189,99999740.0,98401.0,0.0,X3,E-GOLF
2,fake,80.40129,99999740.0,98443.0,0.0,MODEL Y,LYRIQ
3,fake,101.40501,99999740.0,13638.0,0.0,CT6,FUSION
4,fake,69.35091,99999740.0,98936.0,0.0,CITY,330E
5,fake,86.76519,99999740.0,1731.0,0.0,SONATA,RZ 450E
6,fake,43.39615,99999740.0,98164.0,0.0,KONA ELECTRIC,SOUL EV
7,fake,80.89633,99999740.0,99011.0,0.0,G80,EV6
8,fake,61.27993,99999740.0,98391.0,0.0,S90,IONIQ 5
9,fake,73.23347,99999740.0,98507.0,0.0,C-MAX,GLE-CLASS
10,fake,71.795456,99999740.0,98612.0,0.0,EQE-CLASS SEDAN,EQS-CLASS SEDAN
11,fake,49.763985,99999740.0,98572.0,0.0,CT6,IONIQ 6
12,fake,88.436615,99999740.0,85281.0,0.0,RAV4 PRIME,ROADSTER
13,fake,86.7064,99999740.0,98577.0,0.0,SPORTAGE,G80
14,fake,86.606316,99999740.0,98576.0,0.0,CORSAIR,KONA
15,fake,47.567856,99999740.0,98504.0,0.0,B-CLASS,PACIFICA
16,fake,72.55172,99999740.0,98251.0,0.0,E-TRON,A7
17,fake,78.06498,99999740.0,98850.0,0.0,FORTWO,MODEL S
18,fake,110.69224,99999740.0,98247.0,0.0,LEAF,R1T
19,fake,98.5607,99999740.0,98802.0,0.0,TRANSIT CONNECT ELECTRIC,CITY
20,fake,101.228096,99999740.0,98339.0,0.0,Q4,WHEEGO
21,fake,84.10654,99999740.0,79911.0,0.0,OUTLANDER,I4
22,fake,35.91401,99999740.0,97202.0,0.0,I-PACE,HARDTOP
23,fake,107.47982,99999740.0,98276.0,0.0,CT6,RS E-TRON GT
24,fake,77.33878,99999740.0,98358.0,0.0,HARDTOP,PACIFICA
25,fake,102.73915,99999740.0,98634.0,0.0,BOLT EV,Q4
26,fake,61.054012,99999740.0,20637.0,0.0,I8,RANGE ROVER
27,fake,38.39463,99999740.0,98010.0,0.0,BENTAYGA,RANGE ROVER
28,fake,148.56075,99999740.0,85086.0,0.0,S90,EDV
29,fake,66.05575,99999740.0,99008.0,0.0,C-MAX,E-TRON
30,fake,95.332924,99999740.0,17050.0,0.0,VOLT,EQB-CLASS
31,fake,67.896286,99999740.0,98109.0,0.0,E-GOLF,SONATA
32,fake,68.200356,99999740.0,98023.0,0.0,LEAF,FUSION
33,fake,58.729767,99999740.0,98237.0,0.0,ROADSTER,EQE-CLASS SEDAN
34,fake,67.08808,99999740.0,98605.0,0.0,XC60,TRANSIT CONNECT ELECTRIC
35,fake,86.39248,99999740.0,98355.0,0.0,PS2,MODEL S
36,fake,81.78358,99999740.0,98856.0,0.0,TRANSIT,BENTAYGA
37,fake,68.45922,99999740.0,98651.0,0.0,KONA ELECTRIC,MODEL 3
38,fake,92.672775,99999740.0,98421.0,0.0,OPTIMA,745LE
39,fake,94.61011,99999740.0,96734.0,0.0,C-CLASS,PANAMERA
40,fake,59.718895,99999740.0,94535.0,0.0,RANGE ROVER,RZ 450E
41,fake,70.59791,99999740.0,98133.0,0.0,CROSSTREK,ELR
42,fake,87.30362,99999740.0,98947.0,0.0,MODEL X,S90
43,fake,119.63723,99999740.0,97304.0,0.0,330E,GV60
44,fake,90.3259,99999740.0,60035.0,0.0,IX,SOUL EV
45,fake,57.45821,99999740.0,30030.0,0.0,ESCAPE,ARIYA
46,fake,42.631283,99999740.0,99343.0,0.0,TRANSIT,CROSSTREK
47,fake,66.8448,99999740.0,98328.0,0.0,PANAMERA,Q5
48,fake,104.448105,99999740.0,99110.0,0.0,SPORTAGE,RZ 450E
49,fake,45.620697,99999740.0,13603.0,0.0,GRAND CHEROKEE,E-TRON SPORTBACK
50,fake,72.30756,99999740.0,95054.0,0.0,EQ FORTWO,CAYENNE
51,fake,112.48764,99999740.0,55408.0,0.0,SORENTO,EDV
52,fake,88.71651,99999740.0,83876.0,0.0,IONIQ 5,TRANSIT CONNECT ELECTRIC
53,fake,34.654972,99999740.0,98587.0,0.0,LEAF,E-GOLF
54,fake,88.99815,99999740.0,99163.0,0.0,918,WHEEGO
55,fake,50.103653,99999740.0,98297.0,0.0,RANGE ROVER SPORT,A8 E
56,fake,46.437714,99999740.0,98685.0,0.0,NIRO,C-MAX
57,fake,38.899693,99999740.0,98582.0,0.0,EQB-CLASS,A7
58,fake,40.427002,99999740.0,98603.0,0.0,FUSION,SORENTO
59,fake,71.569534,99999740.0,60077.0,0.0,WRANGLER,CT6
60,fake,56.022038,99999740.0,98604.0,0.0,OPTIMA,IONIQ 6
61,fake,55.314476,99999740.0,98466.0,0.0,GLE-CLASS,C-CLASS
62,fake,59.055035,99999740.0,98849.0,0.0,EV6,NIRO
63,fake,59.310024,99999740.0,99013.0,0.0,SPARK,I-MIEV
64,fake,86.44406,99999740.0,92310.0,0.0,PACIFICA,E-TRON
65,fake,60.409027,99999740.0,99346.0,0.0,KARMA,SPARK
66,fake,77.618164,99999740.0,98303.0,0.0,WHEEGO,C-MAX
67,fake,104.04484,99999740.0,98816.0,0.0,RS E-TRON GT,TRANSIT CONNECT ELECTRIC
68,fake,96.34519,99999740.0,98590.0,0.0,GRAND CHEROKEE,Q5
69,fake,32.862568,99999740.0,88012.0,0.0,ESCAPE,E-TRON
70,fake,51.336105,99999740.0,28516.0,0.0,I3,ARIYA
71,fake,60.558018,99999740.0,98345.0,0.0,Q5 E,VOLT
72,fake,60.358078,99999740.0,98625.0,0.0,FORTWO ELECTRIC DRIVE,Q5
73,fake,60.247932,99999740.0,99216.0,0.0,KONA,MODEL S
74,fake,96.69083,99999740.0,30024.0,0.0,918,ELR
75,fake,83.044235,99999740.0,92107.0,0.0,918,TAYCAN
76,fake,83.7699,99999740.0,98932.0,0.0,I8,CITY
77,fake,54.475853,99999740.0,28305.0,0.0,KONA,GLE-CLASS
78,fake,61.60283,99999740.0,98932.0,0.0,CLARITY,SOUL EV
79,fake,106.780174,99999740.0,98814.0,0.0,ELR,740E
80,fake,53.9543,99999740.0,98349.0,0.0,PRIUS PLUG-IN,C-CLASS
81,fake,82.70362,99999740.0,39531.0,0.0,SPARK,FORTWO ELECTRIC DRIVE
82,fake,109.03178,99999740.0,98177.0,0.0,IX,RS E-TRON GT
83,fake,83.07733,99999740.0,98664.0,0.0,G80,KONA ELECTRIC
84,fake,70.274635,99999740.0,98421.0,0.0,RAV4,HARDTOP
85,fake,54.009476,99999740.0,98847.0,0.0,Q4,MODEL S
86,fake,67.49652,99999740.0,98596.0,0.0,BZ4X,ESCAPE
87,fake,63.614174,99999740.0,98651.0,0.0,I8,GV60
88,fake,59.227905,99999740.0,98662.0,0.0,FORTWO,ELR
89,fake,56.830383,99999740.0,98256.0,0.0,MODEL X,IX
90,fake,55.835182,99999740.0,98832.0,0.0,XC90,S90
91,fake,60.108513,99999740.0,98547.0,0.0,RANGE ROVER,330E
92,fake,66.18414,99999740.0,98105.0,0.0,RANGER,PANAMERA
93,fake,101.012146,99999740.0,92111.0,0.0,KONA ELECTRIC,Q5
94,fake,65.25818,99999740.0,98059.0,0.0,CAYENNE,R1S
95,fake,67.96953,99999740.0,98638.0,0.0,PS2,NX
96,fake,38.032673,99999740.0,90713.0,0.0,GRAND CHEROKEE,FUSION
97,fake,55.586906,99999740.0,92277.0,0.0,R1S,COUNTRYMAN
98,fake,86.401,99999740.0,92602.0,0.0,740E,918
99,fake,74.64628,99999740.0,98847.0,0.0,X5,VOLT
100,fake,69.31556,99999740.0,98603.0,0.0,R1T,EQB-CLASS
101,fake,86.18349,99999740.0,23707.0,0.0,BOLT EV,MODEL S
102,fake,55.604324,99999740.0,20003.0,0.0,G80,FUSION
103,fake,46.681793,99999740.0,99004.0,0.0,SOUL EV,R1S
104,fake,89.95826,99999740.0,98059.0,0.0,B-CLASS,SPARK
105,fake,104.1824,99999740.0,98020.0,0.0,E-TRON GT,ARIYA
106,fake,80.22085,99999740.0,98199.0,0.0,C-CLASS,S90
107,fake,60.576454,99999740.0,98039.0,0.0,NX,S-10 PICKUP
108,fake,95.920334,99999740.0,94559.0,0.0,WHEEGO,SANTA FE
109,fake,91.514725,99999740.0,8641.0,0.0,PRIUS PRIME,C40
110,fake,98.63185,99999740.0,98940.0,0.0,B-CLASS,TUCSON
111,fake,36.68235,99999740.0,28305.0,0.0,918,KARMA
112,fake,66.97428,99999740.0,99223.0,0.0,PANAMERA,EQS-CLASS SUV
113,fake,37.875454,99999740.0,98586.0,0.0,COUNTRYMAN,TAYCAN
114,fake,50.607452,99999740.0,99348.0,0.0,GLC-CLASS,PRIUS PLUG-IN
115,fake,108.06095,99999740.0,98814.0,0.0,KONA,CT6
116,fake,84.013916,99999740.0,91304.0,0.0,EQE-CLASS SEDAN,WHEEGO
117,fake,130.84233,99999740.0,72205.0,0.0,TAYCAN,COUNTRYMAN
118,fake,77.47322,99999740.0,29464.0,0.0,RAV4 PRIME,OUTLANDER
119,fake,86.58619,99999740.0,6355.0,0.0,SPARK,IONIQ 5
120,fake,61.99981,99999740.0,98115.0,0.0,S90,740E
121,fake,57.511623,99999740.0,99360.0,0.0,CT6,FUSION
122,fake,70.78,99999740.0,40026.0,0.0,R1S,EQB-CLASS
123,fake,77.871826,99999740.0,99218.0,0.0,BOLT EV,ARIYA
124,fake,80.17993,99999740.0,99013.0,0.0,SORENTO,I4
125,fake,49.039864,99999740.0,98177.0,0.0,500,EDV
126,fake,59.64971,99999740.0,92703.0,0.0,OUTLANDER,CAYENNE
127,fake,47.977585,99999740.0,93436.0,0.0,S-CLASS,AIR
128,fake,40.882652,99999740.0,98358.0,0.0,TUCSON,330E
129,fake,90.668465,99999740.0,97367.0,0.0,KONA,SPARK
130,fake,76.83136,99999740.0,98853.0,0.0,XC90,F-150
131,fake,87.94437,99999740.0,98601.0,0.0,IONIQ,SOUL EV
132,fake,56.800575,99999740.0,99179.0,0.0,SANTA FE,EQB-CLASS
133,fake,104.190216,99999740.0,22405.0,0.0,SANTA FE,S-10 PICKUP
134,fake,43.109303,99999740.0,98816.0,0.0,AVIATOR,LEAF
135,fake,94.79611,99999740.0,99216.0,0.0,IX,AIR
136,fake,57.274315,99999740.0,98848.0,0.0,IX,X5
137,fake,58.151123,99999740.0,98241.0,0.0,Q4,A8 E
138,fake,77.32635,99999740.0,99019.0,0.0,CROSSTREK,CORSAIR
139,fake,52.916992,99999740.0,99009.0,0.0,I3,X3
140,fake,67.22345,99999740.0,22314.0,0.0,ARIYA,X3
141,fake,76.39761,99999740.0,92051.0,0.0,RAV4 PRIME,NIRO
142,fake,48.535583,99999740.0,98323.0,0.0,SANTA FE,CORSAIR
143,fake,55.223385,99999740.0,34242.0,0.0,A3,PANAMERA
144,fake,64.87657,99999740.0,98814.0,0.0,BOLT EUV,PANAMERA
145,fake,107.634094,99999740.0,98569.0,0.0,BOLT EUV,BENTAYGA
146,fake,85.16745,99999740.0,31088.0,0.0,PRIUS PLUG-IN,I4
147,fake,77.07621,99999740.0,85086.0,0.0,SPARK,FOCUS
148,fake,57.845123,99999740.0,94559.0,0.0,S-10 PICKUP,BZ4X
149,fake,101.72348,99999740.0,98675.0,0.0,BZ4X,A8 E
150,fake,106.40903,99999740.0,98673.0,0.0,IONIQ,IONIQ 5
151,fake,88.113304,99999740.0,98022.0,0.0,CAYENNE,SORENTO
152,fake,33.67957,99999740.0,98382.0,0.0,GV60,C-MAX
153,fake,93.4762,99999740.0,98562.0,0.0,745LE,MUSTANG MACH-E
154,fake,51.637375,99999740.0,98597.0,0.0,RANGER,RZ 450E
155,fake,111.57066,99999740.0,98856.0,0.0,XC60,500
156,fake,77.98843,99999740.0,98826.0,0.0,IX,SONATA
157,fake,63.289246,99999740.0,98104.0,0.0,NX,ROADSTER
158,fake,48.420403,99999740.0,99101.0,0.0,EQE-CLASS SEDAN,C40
159,fake,117.585754,99999740.0,99169.0,0.0,AVIATOR,SOUL
160,fake,81.2202,99999740.0,92703.0,0.0,SPORTAGE,CROSSTREK
161,fake,95.17113,99999740.0,80134.0,0.0,TRANSIT CONNECT ELECTRIC,FLYING SPUR
162,fake,76.44945,99999740.0,8202.0,0.0,GRAND CHEROKEE,B-CLASS
163,fake,71.66424,99999740.0,99161.0,0.0,Q5,LYRIQ
164,fake,76.269646,99999740.0,98208.0,0.0,ARIYA,XC40
165,fake,119.12546,99999740.0,98033.0,0.0,X3,PS2
166,fake,56.849163,99999740.0,98815.0,0.0,FLYING SPUR,RZ 450E
167,fake,124.79793,99999740.0,99012.0,0.0,EQE-CLASS SEDAN,RANGER
168,fake,48.78959,99999740.0,21401.0,0.0,SOUL,745E
169,fake,89.27052,99999740.0,22203.0,0.0,AIR,PRIUS PRIME
170,fake,66.01795,99999740.0,92057.0,0.0,AIR,CT6
171,fake,55.653984,99999740.0,81082.0,0.0,A3,Q5 E
172,fake,42.824234,99999740.0,99185.0,0.0,918,KARMA
173,fake,63.80368,99999740.0,99130.0,0.0,E-TRON,CORSAIR
174,fake,78.03722,99999740.0,6379.0,0.0,GV60,IONIQ 6
175,fake,71.14145,99999740.0,98380.0,0.0,RZ 450E,R1S
176,fake,40.346878,99999740.0,98503.0,0.0,E-GOLF,CT6
177,fake,105.29876,99999740.0,98568.0,0.0,S60,TRANSIT
178,fake,80.83692,99999740.0,99216.0,0.0,CAYENNE,IONIQ 5
179,fake,45.621178,99999740.0,99111.0,0.0,E-GOLF,B-CLASS
180,fake,55.140648,99999740.0,98814.0,0.0,SPARK,C-MAX
181,fake,101.85516,99999740.0,95401.0,0.0,RANGE ROVER SPORT,EQS-CLASS SUV
182,fake,97.59511,99999740.0,22015.0,0.0,918,RANGER
183,fake,82.66544,99999740.0,98557.0,0.0,EQE-CLASS SEDAN,I-MIEV
184,fake,55.83996,99999740.0,98590.0,0.0,SANTA FE,SPORTAGE
185,fake,62.018185,99999740.0,98828.0,0.0,IONIQ 6,V60
186,fake,68.23984,99999740.0,98206.0,0.0,V60,SORENTO
187,fake,63.746372,99999740.0,99328.0,0.0,A3,BZ4X
188,fake,62.97798,99999740.0,98354.0,0.0,FORTWO,RS E-TRON GT
189,fake,59.691605,99999740.0,98946.0,0.0,CAYENNE,OUTLANDER
190,fake,61.4882,99999740.0,98609.0,0.0,RZ 450E,S60
191,fake,59.95514,99999740.0,98021.0,0.0,SONATA,MODEL Y
192,fake,56.968506,99999740.0,98660.0,0.0,330E,MODEL S
193,fake,118.73602,99999740.0,98840.0,0.0,LYRIQ,S-CLASS
194,fake,126.246925,99999740.0,95051.0,0.0,KARMA,ESCAPE
195,fake,64.29567,99999740.0,98065.0,0.0,EQB-CLASS,FLYING SPUR
196,fake,77.04469,99999740.0,98631.0,0.0,E-GOLF,E-TRON GT
197,fake,93.791916,99999740.0,64084.0,0.0,OUTLANDER,S60
198,fake,60.50477,99999740.0,98030.0,0.0,RANGE ROVER,RAV4
199,fake,74.326004,99999740.0,98047.0,0.0,I-MIEV,FORTWO ELECTRIC DRIVE
200,fake,70.37384,99999740.0,23435.0,0.0,BENTAYGA,745LE
201,fake,92.548004,99999740.0,98862.0,0.0,EQS-CLASS SUV,SOLTERRA
202,fake,67.758316,99999740.0,92277.0,0.0,745E,G80
203,fake,64.86452,99999740.0,98937.0,0.0,TUCSON,C-CLASS
204,fake,61.072777,99999740.0,98925.0,0.0,LYRIQ,XC90
205,fake,66.597916,99999740.0,80547.0,0.0,RANGE ROVER,SOUL EV
206,fake,52.398613,99999740.0,6379.0,0.0,MUSTANG MACH-E,OUTLANDER
207,fake,68.92516,99999740.0,98577.0,0.0,ELR,GV60
208,fake,95.19727,99999740.0,91304.0,0.0,SONATA,BENTAYGA
209,fake,92.99745,99999740.0,80019.0,0.0,IONIQ 6,FUSION
210,fake,39.17961,99999740.0,98953.0,0.0,PRIUS PRIME,745E
211,fake,100.94221,99999740.0,99173.0,0.0,RAV4,EQS-CLASS SUV
212,fake,56.654427,99999740.0,21012.0,0.0,A3,GLE-CLASS
213,fake,86.23741,99999740.0,98374.0,0.0,CT6,WHEEGO
214,fake,68.73015,99999740.0,98634.0,0.0,B-CLASS,TUCSON
215,fake,47.76516,99999740.0,97330.0,0.0,X5,CAYENNE
216,fake,62.900475,99999740.0,84115.0,0.0,EQE-CLASS SEDAN,NX
217,fake,123.06917,99999740.0,98381.0,0.0,SOLTERRA,EQ FORTWO
218,fake,76.041885,99999740.0,99223.0,0.0,OPTIMA,ARIYA
219,fake,64.07786,99999740.0,98418.0,0.0,CROSSTREK,PANAMERA
220,fake,99.4971,99999740.0,98466.0,0.0,IONIQ 6,FOCUS
221,fake,83.05843,99999740.0,98047.0,0.0,MODEL 3,SOUL EV
222,fake,50.593124,99999740.0,98841.0,0.0,WHEEGO,ROADSTER
223,fake,94.6093,99999740.0,94536.0,0.0,FLYING SPUR,CLARITY
224,fake,53.83108,99999740.0,99110.0,0.0,CROSSTREK,I-MIEV
225,fake,71.78836,99999740.0,99111.0,0.0,PRIUS PLUG-IN,RANGE ROVER SPORT
226,fake,65.18894,99999740.0,98283.0,0.0,CROSSTREK,RZ 450E
227,fake,77.1669,99999740.0,98644.0,0.0,ELR,PRIUS PRIME
228,fake,92.4988,99999740.0,98639.0,0.0,PANAMERA,I-MIEV
229,fake,43.297737,99999740.0,98206.0,0.0,CAYENNE,IONIQ 5
230,fake,71.25946,99999740.0,99029.0,0.0,CITY,I4
231,fake,59.324524,99999740.0,99138.0,0.0,BENTAYGA,SANTA FE
232,fake,65.41941,99999740.0,98230.0,0.0,IONIQ 6,XC90
233,fake,53.732124,99999740.0,99171.0,0.0,EQS-CLASS SUV,PANAMERA
234,fake,71.08021,99999740.0,98830.0,0.0,PS2,ESCAPE
235,fake,42.099545,99999740.0,81082.0,0.0,X5,V60
236,fake,90.30398,99999740.0,23602.0,0.0,EDV,A7
237,fake,87.436035,99999740.0,98365.0,0.0,I-MIEV,BOLT EUV
238,fake,78.671844,99999740.0,23435.0,0.0,RAV4,ARIYA
239,fake,57.297417,99999740.0,95062.0,0.0,I3,SOLTERRA
240,fake,65.64822,99999740.0,91304.0,0.0,ESCAPE,R1T
241,fake,114.69519,99999740.0,95014.0,0.0,KARMA,WHEEGO
242,fake,97.848785,99999740.0,98250.0,0.0,TRANSIT CONNECT ELECTRIC,FORTWO
243,fake,51.86753,99999740.0,99119.0,0.0,I8,A8 E
244,fake,61.16388,99999740.0,98848.0,0.0,R1T,KONA
245,fake,150.87912,99999740.0,98607.0,0.0,740E,EQS-CLASS SEDAN
246,fake,94.51904,99999740.0,31088.0,0.0,FORTWO ELECTRIC DRIVE,CROSSTREK
247,fake,72.6926,99999740.0,98513.0,0.0,G80,RANGE ROVER SPORT
248,fake,120.89087,99999740.0,84115.0,0.0,KARMA,740E
249,fake,130.46915,99999740.0,29464.0,0.0,ROADSTER,918
250,fake,68.91308,99999740.0,22405.0,0.0,C-CLASS,Q4
251,fake,91.96835,99999740.0,95120.0,0.0,RAV4 PRIME,EQE-CLASS SEDAN
252,fake,99.52376,99999740.0,99126.0,0.0,R1T,745E
253,fake,124.9944,99999740.0,99032.0,0.0,GLE-CLASS,RAV4 PRIME
254,fake,72.94296,99999740.0,99031.0,0.0,GRAND CHEROKEE,TRANSIT CONNECT ELECTRIC
255,fake,81.302536,99999740.0,98023.0,0.0,XC60,XC40
256,fake,83.88314,99999740.0,98537.0,0.0,KONA ELECTRIC,X3
257,fake,114.7292,99999740.0,33547.0,0.0,CAYENNE,EQE-CLASS SEDAN
258,fake,74.32398,99999740.0,98533.0,0.0,I-PACE,TAYCAN
259,fake,46.415726,99999740.0,98935.0,0.0,KARMA,S-10 PICKUP
260,fake,91.03268,99999740.0,99344.0,0.0,MODEL Y,GLC-CLASS
261,fake,138.13641,99999740.0,76542.0,0.0,E-TRON GT,C40
262,fake,88.40935,99999740.0,98684.0,0.0,OPTIMA,SOUL
263,fake,84.727066,99999740.0,89166.0,0.0,Q5 E,TRANSIT
264,fake,84.02699,99999740.0,23435.0,0.0,I3,KONA ELECTRIC
265,fake,49.522926,99999740.0,39531.0,0.0,EQ FORTWO,E-TRON SPORTBACK
266,fake,119.18784,99999740.0,8033.0,0.0,KARMA,NX
267,fake,77.590385,99999740.0,98136.0,0.0,918,PRIUS PLUG-IN
268,fake,68.092026,99999740.0,98105.0,0.0,ID.4,SONATA
269,fake,52.382347,99999740.0,95014.0,0.0,E-TRON SPORTBACK,BENTAYGA
270,fake,149.51065,99999740.0,98812.0,0.0,I4,ELR
271,fake,45.311577,99999740.0,98837.0,0.0,SANTA FE,GLC-CLASS
272,fake,86.74864,99999740.0,99138.0,0.0,TUCSON,EQB-CLASS
273,fake,67.14568,99999740.0,29483.0,0.0,ELR,XC40
274,fake,66.659325,99999740.0,98325.0,0.0,C-CLASS,MUSTANG MACH-E
275,fake,65.057304,99999740.0,95131.0,0.0,C-CLASS,KONA ELECTRIC
276,fake,137.48212,99999740.0,98109.0,0.0,PACIFICA,CORSAIR
277,fake,72.05915,99999740.0,79911.0,0.0,C-CLASS,C40
278,fake,98.51906,99999740.0,76542.0,0.0,ROADSTER,GLC-CLASS
279,fake,62.963295,99999740.0,98536.0,0.0,E-GOLF,EQ FORTWO
280,fake,86.7486,99999740.0,98587.0,0.0,RANGE ROVER SPORT,ACCORD
281,fake,47.76953,99999740.0,99034.0,0.0,I-MIEV,EQ FORTWO
282,fake,45.401497,99999740.0,89147.0,0.0,S90,I8
283,fake,72.43452,99999740.0,98390.0,0.0,CROSSTREK,PANAMERA
284,fake,43.93672,99999740.0,99037.0,0.0,745E,SORENTO
285,fake,102.83916,99999740.0,98248.0,0.0,COUNTRYMAN,B-CLASS
286,fake,55.44818,99999740.0,98305.0,0.0,PACIFICA,PRIUS PRIME
287,fake,46.409874,99999740.0,22314.0,0.0,E-TRON GT,PS2
288,fake,113.89937,99999740.0,99133.0,0.0,X3,EQ FORTWO
289,fake,60.190094,99999740.0,98530.0,0.0,FORTWO,FLYING SPUR
290,fake,49.659058,99999740.0,20755.0,0.0,WRANGLER,E-TRON GT
291,fake,88.00329,99999740.0,98848.0,0.0,RS E-TRON GT,RANGE ROVER SPORT
292,fake,46.89003,99999740.0,98249.0,0.0,E-GOLF,SOLTERRA
293,fake,88.507935,99999740.0,98072.0,0.0,CITY,I4
294,fake,59.01853,99999740.0,66043.0,0.0,330E,TAYCAN
295,fake,70.0365,99999740.0,98266.0,0.0,LEAF,RANGER
296,fake,61.3768,99999740.0,23707.0,0.0,COUNTRYMAN,CLARITY
297,fake,27.163177,99999740.0,98832.0,0.0,IX,A7
298,fake,63.37422,99999740.0,94040.0,0.0,EQB-CLASS,KONA ELECTRIC
299,fake,55.94126,99999740.0,98125.0,0.0,WRANGLER,IONIQ 5
300,fake,81.28201,99999740.0,98281.0,0.0,EQ FORTWO,CROSSTREK
301,fake,55.489166,99999740.0,98258.0,0.0,BZ4X,SOUL
302,fake,47.97026,99999740.0,98584.0,0.0,LYRIQ,CLARITY
303,fake,104.041824,99999740.0,98903.0,0.0,SOUL,OUTLANDER
304,fake,67.831795,99999740.0,98116.0,0.0,A7,VOLT
305,fake,120.9629,99999740.0,98856.0,0.0,TRANSIT CONNECT ELECTRIC,S-CLASS
306,fake,54.33648,99999740.0,98362.0,0.0,TRANSIT,SOUL EV
307,fake,57.377625,99999740.0,98683.0,0.0,IONIQ 6,PANAMERA
308,fake,112.73159,99999740.0,98512.0,0.0,RANGE ROVER SPORT,AVIATOR
309,fake,41.09402,99999740.0,98575.0,0.0,S-10 PICKUP,EDV
310,fake,64.861496,99999740.0,98327.0,0.0,CITY,E-GOLF
311,fake,56.227074,99999740.0,98164.0,0.0,TRANSIT CONNECT ELECTRIC,KARMA
312,fake,75.54751,99999740.0,20762.0,0.0,IONIQ,MODEL S
313,fake,110.07495,99999740.0,98225.0,0.0,IONIQ,TRANSIT
314,fake,81.11051,99999740.0,78596.0,0.0,WRANGLER,LEAF
315,fake,103.54024,99999740.0,23508.0,0.0,PACIFICA,G80
316,fake,51.782555,99999740.0,98340.0,0.0,B-CLASS,BENTAYGA
317,fake,60.680252,99999740.0,98946.0,0.0,PRIUS PLUG-IN,RANGE ROVER SPORT
318,fake,90.48466,99999740.0,62281.0,0.0,R1S,CAYENNE
319,fake,64.8746,99999740.0,99402.0,0.0,EDV,PACIFICA
320,fake,67.59698,99999740.0,98822.0,0.0,SPARK,EQS-CLASS SEDAN
321,fake,52.331474,99999740.0,98672.0,0.0,SORENTO,GLE-CLASS
322,fake,49.246246,99999740.0,99354.0,0.0,V60,COUNTRYMAN
323,fake,91.67613,99999740.0,98023.0,0.0,GLC-CLASS,TUCSON
324,fake,53.015884,99999740.0,98382.0,0.0,MODEL S,LEAF
325,fake,72.31875,99999740.0,98946.0,0.0,PANAMERA,CORSAIR
326,fake,61.891575,99999740.0,21756.0,0.0,XC60,RAV4
327,fake,78.81909,99999740.0,98526.0,0.0,BENTAYGA,CROSSTREK
328,fake,97.789215,99999740.0,27205.0,0.0,E-GOLF,EQB-CLASS
329,fake,60.28231,99999740.0,94303.0,0.0,C-CLASS,ROADSTER
330,fake,65.32423,99999740.0,99216.0,0.0,I3,Q5 E
331,fake,44.157085,99999740.0,30030.0,0.0,AVIATOR,RS E-TRON GT
332,fake,73.043785,99999740.0,98856.0,0.0,A3,TRANSIT CONNECT ELECTRIC
333,fake,83.673035,99999740.0,98375.0,0.0,SANTA FE,SORENTO
334,fake,99.23853,99999740.0,90005.0,0.0,PACIFICA,NX
335,fake,64.27018,99999740.0,98363.0,0.0,ID.4,CROSSTREK
336,fake,48.958885,99999740.0,98059.0,0.0,TRANSIT CONNECT ELECTRIC,WRANGLER
337,fake,58.273758,99999740.0,98937.0,0.0,IONIQ 6,XC40
338,fake,113.73813,99999740.0,21012.0,0.0,A8 E,KONA ELECTRIC
339,fake,71.39694,99999740.0,98075.0,0.0,A7,S90
340,fake,123.81709,99999740.0,98801.0,0.0,ACCORD,KARMA
341,fake,98.365616,99999740.0,98305.0,0.0,RANGER,FORTWO ELECTRIC DRIVE
342,fake,45.50135,99999740.0,12866.0,0.0,OPTIMA,EQE-CLASS SEDAN
343,fake,76.311714,99999740.0,92672.0,0.0,500,C-MAX
344,fake,80.876495,99999740.0,99114.0,0.0,IX,FLYING SPUR
345,fake,64.72332,99999740.0,46802.0,0.0,E-TRON GT,PANAMERA
346,fake,86.800415,99999740.0,85395.0,0.0,500,WHEEGO
347,fake,61.93581,99999740.0,98058.0,0.0,NIRO,A3
348,fake,68.22453,99999740.0,98605.0,0.0,RZ 450E,A8 E
349,fake,60.52197,99999740.0,98644.0,0.0,WHEEGO,C-CLASS
350,fake,51.41216,99999740.0,98055.0,0.0,KONA,X3
351,fake,125.834076,99999740.0,99337.0,0.0,EDV,GLE-CLASS
352,fake,84.50437,99999740.0,37042.0,0.0,GRAND CHEROKEE,S90
353,fake,51.28485,99999740.0,98579.0,0.0,ESCAPE,E-GOLF
354,fake,44.827393,99999740.0,92114.0,0.0,EDV,VOLT
355,fake,79.759155,99999740.0,99217.0,0.0,SOUL EV,EQS-CLASS SEDAN
356,fake,47.2781,99999740.0,28390.0,0.0,SANTA FE,R1T
357,fake,81.30065,99999740.0,97202.0,0.0,C-MAX,V60
358,fake,74.88201,99999740.0,98227.0,0.0,I-MIEV,C-CLASS
359,fake,95.332436,99999740.0,98833.0,0.0,HARDTOP,EQB-CLASS
360,fake,70.09276,99999740.0,98247.0,0.0,BENTAYGA,XC40
361,fake,55.372215,99999740.0,99008.0,0.0,500,OPTIMA
362,fake,103.34173,99999740.0,98314.0,0.0,WRANGLER,COUNTRYMAN
363,fake,81.49024,99999740.0,6443.0,0.0,CROSSTREK,RANGER
364,fake,80.182945,99999740.0,21036.0,0.0,C-MAX,R1T
365,fake,80.450615,99999740.0,99346.0,0.0,FLYING SPUR,GV60
366,fake,114.35008,99999740.0,98311.0,0.0,RS E-TRON GT,C40
367,fake,88.07164,99999740.0,99036.0,0.0,NX,XC60
368,fake,71.85207,99999740.0,98583.0,0.0,530E,HARDTOP
369,fake,58.49047,99999740.0,99141.0,0.0,EDV,LEAF
370,fake,62.567123,99999740.0,98593.0,0.0,X3,FLYING SPUR
371,fake,69.73264,99999740.0,98270.0,0.0,I-PACE,IONIQ
372,fake,61.825363,99999740.0,91913.0,0.0,EQE-CLASS SEDAN,FOCUS
373,fake,56.633842,99999740.0,92234.0,0.0,NIRO,C-MAX
374,fake,61.941864,99999740.0,98826.0,0.0,RAV4 PRIME,S-10 PICKUP
375,fake,70.35902,99999740.0,98283.0,0.0,CT6,EQE-CLASS SEDAN
376,fake,77.56873,99999740.0,99013.0,0.0,TRANSIT CONNECT ELECTRIC,VOLT
377,fake,45.94372,99999740.0,98303.0,0.0,GLE-CLASS,MUSTANG MACH-E
378,fake,60.359882,99999740.0,98221.0,0.0,PRIUS PRIME,XC60
379,fake,49.742302,99999740.0,98538.0,0.0,ACCORD,ESCAPE
380,fake,106.78883,99999740.0,90249.0,0.0,S-CLASS,RANGE ROVER SPORT
381,fake,110.46831,99999740.0,88012.0,0.0,PANAMERA,330E
382,fake,65.66839,99999740.0,75078.0,0.0,KONA ELECTRIC,IONIQ
383,fake,74.59378,99999740.0,99009.0,0.0,B-CLASS,TAYCAN
384,fake,58.801075,99999740.0,98616.0,0.0,ROADSTER,FUSION
385,fake,136.71289,99999740.0,98227.0,0.0,Q4,IONIQ 6
386,fake,97.1571,99999740.0,98849.0,0.0,ROADSTER,C40
387,fake,121.826706,99999740.0,97214.0,0.0,E-TRON GT,COUNTRYMAN
388,fake,61.0109,99999740.0,98112.0,0.0,RAV4 PRIME,LEAF
389,fake,47.453495,99999740.0,30024.0,0.0,CROSSTREK,ROADSTER
390,fake,120.48155,99999740.0,92131.0,0.0,918,ROADSTER
391,fake,100.71882,99999740.0,98040.0,0.0,S90,SPARK
392,fake,59.98071,99999740.0,98847.0,0.0,ARIYA,RANGE ROVER
393,fake,65.5642,99999740.0,99131.0,0.0,A8 E,RS E-TRON GT
394,fake,43.84323,99999740.0,23435.0,0.0,SPARK,ID.4
395,fake,55.09857,99999740.0,98849.0,0.0,C-CLASS,TRANSIT
396,fake,112.54458,99999740.0,98832.0,0.0,A3,S90
397,fake,72.356606,99999740.0,95401.0,0.0,I3,OPTIMA
398,fake,95.069626,99999740.0,8641.0,0.0,PANAMERA,FOCUS
399,fake,63.07246,99999740.0,84121.0,0.0,EQE-CLASS SEDAN,RAV4 PRIME
400,fake,52.893387,99999740.0,98297.0,0.0,IONIQ 6,V60
401,fake,78.73719,99999740.0,99402.0,0.0,ESCAPE,C-CLASS
402,fake,55.493137,99999740.0,92102.0,0.0,CROSSTREK,PRIUS PRIME
403,fake,98.65168,99999740.0,99402.0,0.0,PS2,530E
404,fake,29.901642,99999740.0,99328.0,0.0,LYRIQ,GV60
405,fake,55.2195,99999740.0,99223.0,0.0,330E,LYRIQ
406,fake,98.90578,99999740.0,94556.0,0.0,SPARK,ACCORD
407,fake,75.91979,99999740.0,98233.0,0.0,SPORTAGE,B-CLASS
408,fake,75.104385,99999740.0,98418.0,0.0,918,RZ 450E
409,fake,138.555,99999740.0,60004.0,0.0,IONIQ,AVIATOR
410,fake,39.040257,99999740.0,97404.0,0.0,KONA ELECTRIC,FUSION
411,fake,89.13957,99999740.0,22308.0,0.0,FUSION,TUCSON
412,fake,78.115135,99999740.0,98526.0,0.0,TRANSIT,918
413,fake,60.424667,99999740.0,98585.0,0.0,V60,GLE-CLASS
414,fake,88.96806,99999740.0,98617.0,0.0,EV6,GLC-CLASS
415,fake,57.999413,99999740.0,22554.0,0.0,PACIFICA,I4
416,fake,84.23657,99999740.0,98126.0,0.0,ESCAPE,IX
417,fake,81.93095,99999740.0,98562.0,0.0,OUTLANDER,Q5
418,fake,103.45662,99999740.0,98951.0,0.0,E-TRON GT,S90
419,fake,61.781246,99999740.0,70037.0,0.0,GLE-CLASS,AVIATOR
420,fake,69.88274,99999740.0,98321.0,0.0,XC40,ARIYA
421,fake,93.241135,99999740.0,94710.0,0.0,SORENTO,RANGE ROVER
422,fake,47.66634,99999740.0,98922.0,0.0,MODEL 3,CITY
423,fake,80.76288,99999740.0,98571.0,0.0,FLYING SPUR,KONA ELECTRIC
424,fake,87.07801,99999740.0,98833.0,0.0,S90,Q4
425,fake,70.21631,99999740.0,98339.0,0.0,EQB-CLASS,ELR
426,fake,55.204193,99999740.0,98253.0,0.0,EQE-CLASS SEDAN,TAYCAN
427,fake,63.93854,99999740.0,98065.0,0.0,CAYENNE,ARIYA
428,fake,67.35004,99999740.0,98206.0,0.0,TRANSIT CONNECT ELECTRIC,XC60
429,fake,59.666283,99999740.0,80111.0,0.0,RS E-TRON GT,BENTAYGA
430,fake,45.7446,99999740.0,94535.0,0.0,RANGE ROVER,KONA ELECTRIC
431,fake,63.299446,99999740.0,98106.0,0.0,EQ FORTWO,GV60
432,fake,64.408485,99999740.0,98640.0,0.0,BENTAYGA,740E
433,fake,72.77508,99999740.0,6385.0,0.0,MODEL Y,PS2
434,fake,62.254272,99999740.0,79927.0,0.0,BOLT EUV,CORSAIR
435,fake,131.10674,99999740.0,98647.0,0.0,AIR,E-TRON SPORTBACK
436,fake,90.18421,99999740.0,99148.0,0.0,BZ4X,E-GOLF
437,fake,96.796906,99999740.0,68135.0,0.0,CORSAIR,G80
438,fake,80.423584,99999740.0,98670.0,0.0,SANTA FE,I-MIEV
439,fake,74.73996,99999740.0,98358.0,0.0,TRANSIT CONNECT ELECTRIC,WRANGLER
440,fake,97.38281,99999740.0,80134.0,0.0,RS E-TRON GT,XC60
441,fake,72.61204,99999740.0,98501.0,0.0,EDV,CAYENNE
442,fake,98.85558,99999740.0,98326.0,0.0,EQ FORTWO,E-TRON GT
443,fake,114.10553,99999740.0,92201.0,0.0,Q5 E,I-PACE
444,fake,75.017845,99999740.0,98260.0,0.0,TRANSIT CONNECT ELECTRIC,COUNTRYMAN
445,fake,102.48944,99999740.0,21037.0,0.0,TAYCAN,745E
446,fake,50.329933,99999740.0,98026.0,0.0,SANTA FE,S-10 PICKUP
447,fake,91.21716,99999740.0,98112.0,0.0,WRANGLER,BOLT EV
448,fake,60.98433,99999740.0,78233.0,0.0,X3,ARIYA
449,fake,69.425804,99999740.0,98270.0,0.0,C-CLASS,BZ4X
450,fake,29.942574,99999740.0,71446.0,0.0,E-GOLF,OPTIMA
451,fake,103.58387,99999740.0,70461.0,0.0,E-GOLF,RZ 450E
452,fake,69.03848,99999740.0,2842.0,0.0,CLARITY,CITY
453,fake,81.531395,99999740.0,98164.0,0.0,SORENTO,FUSION
454,fake,59.414646,99999740.0,98368.0,0.0,V60,ACCORD
455,fake,49.59012,99999740.0,23464.0,0.0,SPORTAGE,HARDTOP
456,fake,68.52899,99999740.0,89084.0,0.0,E-TRON,745E
457,fake,66.69914,99999740.0,98541.0,0.0,CITY,OPTIMA
458,fake,97.56083,99999740.0,99129.0,0.0,X3,FORTWO
459,fake,54.45557,99999740.0,20755.0,0.0,OUTLANDER,GRAND CHEROKEE
460,fake,103.4031,99999740.0,98331.0,0.0,IX,XC90
461,fake,80.417175,99999740.0,98607.0,0.0,918,IONIQ 5
462,fake,106.842606,99999740.0,89147.0,0.0,E-TRON GT,530E
463,fake,52.69644,99999740.0,98520.0,0.0,EQ FORTWO,AVIATOR
464,fake,83.37976,99999740.0,99115.0,0.0,SPARK,X5
465,fake,55.56954,99999740.0,99119.0,0.0,MODEL 3,C-MAX
466,fake,59.041733,99999740.0,97202.0,0.0,ID.4,ESCAPE
467,fake,92.00357,99999740.0,98050.0,0.0,IONIQ 5,RANGE ROVER
468,fake,72.81264,99999740.0,84121.0,0.0,FORTWO,C-CLASS
469,fake,57.740723,99999740.0,98333.0,0.0,IX,FLYING SPUR
470,fake,98.95832,99999740.0,98005.0,0.0,S60,R1S
471,fake,108.17105,99999740.0,98281.0,0.0,RS E-TRON GT,SPARK
472,fake,102.959915,99999740.0,99206.0,0.0,C-MAX,SANTA FE
473,fake,78.71296,99999740.0,98411.0,0.0,745E,EV6
474,fake,102.41349,99999740.0,94559.0,0.0,ID.4,RANGE ROVER SPORT
475,fake,87.111015,99999740.0,85281.0,0.0,EQS-CLASS SUV,E-GOLF
476,fake,89.088776,99999740.0,95120.0,0.0,EQB-CLASS,SANTA FE
477,fake,59.156864,99999740.0,98033.0,0.0,BOLT EUV,CITY
478,fake,47.45446,99999740.0,92131.0,0.0,SPARK,PACIFICA
479,fake,75.90764,99999740.0,98286.0,0.0,IONIQ 5,918
480,fake,74.83487,99999740.0,20002.0,0.0,NX,I-MIEV
481,fake,55.02889,99999740.0,29464.0,0.0,IONIQ 6,SPORTAGE
482,fake,50.870693,99999740.0,99012.0,0.0,SPORTAGE,IONIQ
483,fake,69.308205,99999740.0,99346.0,0.0,RAV4,MUSTANG MACH-E
484,fake,86.19498,99999740.0,99326.0,0.0,OUTLANDER,GLC-CLASS
485,fake,109.044785,99999740.0,98937.0,0.0,X5,B-CLASS
486,fake,76.51598,99999740.0,98003.0,0.0,CAYENNE,CORSAIR
487,fake,87.77309,99999740.0,98582.0,0.0,AIR,LYRIQ
488,fake,92.90547,99999740.0,64079.0,0.0,C40,B-CLASS
489,fake,83.90522,99999740.0,98923.0,0.0,E-TRON GT,C-CLASS
490,fake,61.963142,99999740.0,98591.0,0.0,A7,EQ FORTWO
491,fake,37.410114,99999740.0,98547.0,0.0,SPORTAGE,918
492,fake,90.86161,99999740.0,98634.0,0.0,RAV4,VOLT
493,fake,62.509018,99999740.0,98270.0,0.0,CROSSTREK,IONIQ
494,fake,60.702362,99999740.0,98531.0,0.0,EV6,PANAMERA
495,fake,47.58062,99999740.0,99036.0,0.0,XC40,SOUL EV
496,fake,61.877144,99999740.0,98003.0,0.0,COUNTRYMAN,AIR
497,fake,50.99813,99999740.0,98039.0,0.0,CORSAIR,IONIQ
498,fake,54.399513,99999740.0,21401.0,0.0,530E,IX
499,fake,36.170082,99999740.0,29909.0,0.0,ROADSTER,RAV4 PRIME
500,fake,56.232773,99999740.0,99185.0,0.0,XC40,EDV
501,fake,65.677025,99999740.0,98856.0,0.0,ELR,E-TRON
502,fake,100.0187,99999740.0,13603.0,0.0,KONA ELECTRIC,EQE-CLASS SEDAN
503,fake,73.87723,99999740.0,98661.0,0.0,XC90,HARDTOP
504,fake,55.37966,99999740.0,98662.0,0.0,SOUL,E-TRON SPORTBACK
505,fake,42.427597,99999740.0,99159.0,0.0,500,RAV4 PRIME
506,fake,65.41886,99999740.0,98672.0,0.0,FLYING SPUR,S60
507,fake,70.66934,99999740.0,98645.0,0.0,A3,FORTWO ELECTRIC DRIVE
508,fake,46.018845,99999740.0,90802.0,0.0,Q5,ELR
509,fake,58.471912,99999740.0,99031.0,0.0,918,TRANSIT CONNECT ELECTRIC
510,fake,60.427856,99999740.0,98385.0,0.0,Q4,MUSTANG MACH-E
511,fake,70.617355,99999740.0,99111.0,0.0,SANTA FE,S-10 PICKUP
512,fake,68.77112,99999740.0,98240.0,0.0,E-TRON SPORTBACK,IX
513,fake,90.08086,99999740.0,62281.0,0.0,ESCAPE,BZ4X
514,fake,98.28461,99999740.0,98542.0,0.0,PRIUS PRIME,ACCORD
515,fake,41.84519,99999740.0,98144.0,0.0,I3,RAV4 PRIME
516,fake,70.17488,99999740.0,98648.0,0.0,SANTA FE,IONIQ 5
517,fake,51.166763,99999740.0,98368.0,0.0,BENTAYGA,E-TRON SPORTBACK
518,fake,55.931946,99999740.0,13603.0,0.0,S60,SONATA
519,fake,71.39256,99999740.0,22153.0,0.0,PS2,IONIQ 6
520,fake,63.49334,99999740.0,98155.0,0.0,CROSSTREK,E-TRON SPORTBACK
521,fake,97.67209,99999740.0,92672.0,0.0,WHEEGO,I3
522,fake,79.92894,99999740.0,98107.0,0.0,S-10 PICKUP,SORENTO
523,fake,118.071884,99999740.0,98597.0,0.0,E-TRON GT,BZ4X
524,fake,54.14804,99999740.0,99354.0,0.0,EQ FORTWO,RZ 450E
525,fake,49.846607,99999740.0,99029.0,0.0,745LE,CLARITY
526,fake,64.86279,99999740.0,98188.0,0.0,OPTIMA,745E
527,fake,55.3226,99999740.0,98331.0,0.0,C-MAX,530E
528,fake,92.70545,99999740.0,98155.0,0.0,GRAND CHEROKEE,A3
529,fake,108.407936,99999740.0,22304.0,0.0,R1S,Q5 E
530,fake,93.50729,99999740.0,98683.0,0.0,RS E-TRON GT,EQE-CLASS SEDAN
531,fake,78.05357,99999740.0,84121.0,0.0,A3,FORTWO
532,fake,81.45835,99999740.0,98952.0,0.0,ROADSTER,E-TRON GT
533,fake,75.55404,99999740.0,80919.0,0.0,VOLT,LYRIQ
534,fake,127.474335,99999740.0,98606.0,0.0,GLC-CLASS,FLYING SPUR
535,fake,78.27963,99999740.0,98674.0,0.0,SANTA FE,SPARK
536,fake,47.846073,99999740.0,99118.0,0.0,EDV,500
537,fake,63.930195,99999740.0,99033.0,0.0,KARMA,S-10 PICKUP
538,fake,67.95762,99999740.0,98283.0,0.0,RS E-TRON GT,X5
539,fake,52.337997,99999740.0,98944.0,0.0,GV60,MODEL 3
540,fake,93.96353,99999740.0,98674.0,0.0,ROADSTER,WHEEGO
541,fake,62.851868,99999740.0,99349.0,0.0,E-TRON SPORTBACK,SORENTO
542,fake,82.28641,99999740.0,92660.0,0.0,ARIYA,BENTAYGA
543,fake,56.75586,99999740.0,98563.0,0.0,I4,RANGE ROVER
544,fake,54.566174,99999740.0,98404.0,0.0,Q4,TRANSIT
545,fake,133.96872,99999740.0,98577.0,0.0,EQS-CLASS SEDAN,LYRIQ
546,fake,106.465454,99999740.0,98849.0,0.0,EQ FORTWO,ELR
547,fake,56.183655,99999740.0,98355.0,0.0,MODEL S,S90
548,fake,71.678,99999740.0,98947.0,0.0,OPTIMA,RZ 450E
549,fake,72.337074,99999740.0,8033.0,0.0,C40,TRANSIT
550,fake,29.48632,99999740.0,98329.0,0.0,PS2,SOUL
551,fake,46.31118,99999740.0,8055.0,0.0,FORTWO ELECTRIC DRIVE,EV6
552,fake,82.96639,99999740.0,98647.0,0.0,MODEL 3,Q4
553,fake,63.706104,99999740.0,98311.0,0.0,G80,RANGER
554,fake,91.46928,99999740.0,99116.0,0.0,RAV4,S60
555,fake,66.95529,99999740.0,98006.0,0.0,S-10 PICKUP,OPTIMA
556,fake,47.602028,99999740.0,98253.0,0.0,XC90,745E
557,fake,107.11557,99999740.0,98815.0,0.0,AIR,LYRIQ
558,fake,118.49286,99999740.0,79911.0,0.0,CLARITY,SOUL
559,fake,50.048317,99999740.0,98377.0,0.0,EQ FORTWO,ID.4
560,fake,57.560074,99999740.0,98227.0,0.0,NIRO,GV60
561,fake,106.81729,99999740.0,99330.0,0.0,TRANSIT,EQB-CLASS
562,fake,55.81807,99999740.0,99208.0,0.0,530E,TUCSON
563,fake,69.31733,99999740.0,92201.0,0.0,SOUL,745E
564,fake,80.26081,99999740.0,99336.0,0.0,EQB-CLASS,I-MIEV
565,fake,75.79466,99999740.0,94556.0,0.0,745LE,ACCORD
566,fake,79.12311,99999740.0,98675.0,0.0,NX,RAV4 PRIME
567,fake,76.0977,99999740.0,20878.0,0.0,XC60,530E
568,fake,41.86199,99999740.0,98109.0,0.0,I-MIEV,MODEL S
569,fake,59.25091,99999740.0,99203.0,0.0,NX,918
570,fake,140.50844,99999740.0,98649.0,0.0,EQS-CLASS SEDAN,TRANSIT CONNECT ELECTRIC
571,fake,88.620544,99999740.0,98647.0,0.0,MODEL 3,SANTA FE
572,fake,118.735535,99999740.0,98004.0,0.0,SOUL EV,RS E-TRON GT
573,fake,79.523735,99999740.0,99156.0,0.0,EQB-CLASS,RANGE ROVER
574,fake,52.76269,99999740.0,98321.0,0.0,S90,MODEL Y
575,fake,77.81821,99999740.0,98124.0,0.0,A3,I-MIEV
576,fake,49.057976,99999740.0,73521.0,0.0,C-CLASS,OPTIMA
577,fake,94.727066,99999740.0,98902.0,0.0,500,I4
578,fake,120.56782,99999740.0,98377.0,0.0,ID.4,WHEEGO
579,fake,78.358376,99999740.0,98117.0,0.0,BENTAYGA,AVIATOR
580,fake,99.6631,99999740.0,98274.0,0.0,TRANSIT CONNECT ELECTRIC,RZ 450E
581,fake,108.22208,99999740.0,98816.0,0.0,X3,R1T
582,fake,77.44059,99999740.0,90249.0,0.0,TAYCAN,RANGE ROVER
583,fake,72.14324,99999740.0,92620.0,0.0,BZ4X,SOLTERRA
584,fake,41.68943,99999740.0,99005.0,0.0,745E,B-CLASS
585,fake,93.3426,99999740.0,99166.0,0.0,SONATA,KONA
586,fake,44.100807,99999740.0,98029.0,0.0,CROSSTREK,RZ 450E
587,fake,85.44676,99999740.0,99348.0,0.0,S-CLASS,I-PACE
588,fake,62.367702,99999740.0,32547.0,0.0,NIRO,COUNTRYMAN
589,fake,83.380875,99999740.0,98937.0,0.0,E-GOLF,E-TRON SPORTBACK
590,fake,129.08928,99999740.0,98650.0,0.0,Q4,CLARITY
591,fake,118.28435,99999740.0,22314.0,0.0,S-CLASS,RAV4
592,fake,85.10267,99999740.0,98607.0,0.0,MODEL 3,FLYING SPUR
593,fake,125.07282,99999740.0,98940.0,0.0,RAV4,530E
594,fake,88.96979,99999740.0,98283.0,0.0,MUSTANG MACH-E,I-MIEV
595,fake,48.847054,99999740.0,99005.0,0.0,ARIYA,CORSAIR
596,fake,103.85151,99999740.0,84115.0,0.0,EQ FORTWO,TAYCAN
597,fake,110.59513,99999740.0,98922.0,0.0,FORTWO,RZ 450E
598,fake,53.49376,99999740.0,98116.0,0.0,CORSAIR,EV6
599,fake,72.36307,99999740.0,97214.0,0.0,330E,FLYING SPUR
600,fake,72.04335,99999740.0,99033.0,0.0,XC60,IONIQ 6
601,fake,46.615288,99999740.0,98619.0,0.0,MODEL S,RANGE ROVER SPORT
602,fake,74.42517,99999740.0,89084.0,0.0,IONIQ,OPTIMA
603,fake,71.94194,99999740.0,62220.0,0.0,CITY,745E
604,fake,49.210594,99999740.0,91304.0,0.0,HARDTOP,I8
605,fake,42.989227,99999740.0,22153.0,0.0,KONA,EQB-CLASS
606,fake,84.440994,99999740.0,99337.0,0.0,EDV,MUSTANG MACH-E
607,fake,82.48876,99999740.0,98058.0,0.0,CT6,XC60
608,fake,69.44387,99999740.0,92201.0,0.0,918,IX
609,fake,88.88273,99999740.0,98403.0,0.0,LYRIQ,SORENTO
610,fake,62.535027,99999740.0,98826.0,0.0,ELR,EQ FORTWO
611,fake,84.15868,99999740.0,98601.0,0.0,EDV,F-150
612,fake,43.37171,99999740.0,62258.0,0.0,MODEL 3,PACIFICA
613,fake,63.67827,99999740.0,98619.0,0.0,740E,TRANSIT
614,fake,43.103146,99999740.0,17050.0,0.0,EQB-CLASS,500
615,fake,47.361156,99999740.0,8202.0,0.0,BZ4X,PANAMERA
616,fake,66.326096,99999740.0,99001.0,0.0,CLARITY,BOLT EUV
617,fake,106.35985,99999740.0,98022.0,0.0,NX,CT6
618,fake,94.52394,99999740.0,98020.0,0.0,BOLT EV,GLC-CLASS
619,fake,48.79506,99999740.0,99353.0,0.0,X5,KONA ELECTRIC
620,fake,89.26868,99999740.0,97304.0,0.0,OUTLANDER,330E
621,fake,74.52996,99999740.0,98651.0,0.0,PS2,PANAMERA
622,fake,56.871166,99999740.0,98257.0,0.0,FORTWO ELECTRIC DRIVE,A7
623,fake,74.54458,99999740.0,99031.0,0.0,330E,E-GOLF
624,fake,51.596394,99999740.0,98068.0,0.0,WHEEGO,RANGE ROVER
625,fake,46.48684,99999740.0,98342.0,0.0,IX,XC40
626,fake,84.60842,99999740.0,98926.0,0.0,S-CLASS,LEAF
627,fake,74.82558,99999740.0,28305.0,0.0,C-CLASS,Q4
628,fake,91.976944,99999740.0,78233.0,0.0,RANGER,CAYENNE
629,fake,101.72342,99999740.0,98509.0,0.0,KONA,GV60
630,fake,61.747177,99999740.0,98256.0,0.0,E-TRON GT,530E
631,fake,59.06343,99999740.0,80919.0,0.0,Q4,FORTWO
632,fake,55.644127,99999740.0,98648.0,0.0,530E,EQ FORTWO
633,fake,102.24541,99999740.0,20653.0,0.0,CITY,CAYENNE
634,fake,54.1335,99999740.0,98053.0,0.0,CROSSTREK,S-CLASS
635,fake,74.14785,99999740.0,99001.0,0.0,BOLT EUV,ARIYA
636,fake,63.64419,99999740.0,98223.0,0.0,S90,NX
637,fake,66.3193,99999740.0,99036.0,0.0,PRIUS PLUG-IN,E-TRON GT
638,fake,81.727806,99999740.0,98557.0,0.0,RZ 450E,GLE-CLASS
639,fake,71.81704,99999740.0,98935.0,0.0,TUCSON,330E
640,fake,67.564,99999740.0,98109.0,0.0,RZ 450E,SPARK
641,fake,55.142776,99999740.0,98408.0,0.0,SONATA,I-MIEV
642,fake,64.82389,99999740.0,98926.0,0.0,LEAF,Q5 E
643,fake,112.99907,99999740.0,98664.0,0.0,VOLT,I3
644,fake,71.5412,99999740.0,73521.0,0.0,EQ FORTWO,740E
645,fake,67.8035,99999740.0,27205.0,0.0,FORTWO,G80
646,fake,53.80536,99999740.0,98606.0,0.0,BZ4X,RANGE ROVER SPORT
647,fake,111.10185,99999740.0,98550.0,0.0,SOUL,GLE-CLASS
648,fake,46.553024,99999740.0,98337.0,0.0,S90,FUSION
649,fake,62.877842,99999740.0,98925.0,0.0,TRANSIT,TUCSON
650,fake,55.353336,99999740.0,98261.0,0.0,GLE-CLASS,BOLT EV
651,fake,97.37662,99999740.0,98947.0,0.0,RS E-TRON GT,GLC-CLASS
652,fake,55.999107,99999740.0,1730.0,0.0,X3,740E
653,fake,79.81941,99999740.0,23508.0,0.0,TAYCAN,WRANGLER
654,fake,44.846745,99999740.0,13638.0,0.0,Q4,C-MAX
655,fake,104.77192,99999740.0,28387.0,0.0,530E,TUCSON
656,fake,56.31434,99999740.0,80919.0,0.0,WHEEGO,MODEL X
657,fake,88.13554,99999740.0,98589.0,0.0,KARMA,RAV4 PRIME
658,fake,73.383606,99999740.0,99119.0,0.0,GV60,E-TRON SPORTBACK
659,fake,60.841496,99999740.0,98232.0,0.0,E-TRON SPORTBACK,A3
660,fake,65.74859,99999740.0,98006.0,0.0,EV6,FOCUS
661,fake,54.468853,99999740.0,75078.0,0.0,KONA ELECTRIC,ACCORD
662,fake,65.2924,99999740.0,49770.0,0.0,BZ4X,PS2
663,fake,106.88078,99999740.0,99131.0,0.0,RANGE ROVER,745E
664,fake,107.59733,99999740.0,92056.0,0.0,CAYENNE,SPARK
665,fake,68.530556,99999740.0,98373.0,0.0,E-TRON SPORTBACK,CAYENNE
666,fake,38.50676,99999740.0,89084.0,0.0,S-CLASS,530E
667,fake,76.22707,99999740.0,89166.0,0.0,RANGE ROVER SPORT,SONATA
668,fake,59.374504,99999740.0,89084.0,0.0,V60,OPTIMA
669,fake,61.578457,99999740.0,98355.0,0.0,S-10 PICKUP,MUSTANG MACH-E
670,fake,77.09496,99999740.0,98862.0,0.0,TRANSIT CONNECT ELECTRIC,X5
671,fake,119.344696,99999740.0,98443.0,0.0,CORSAIR,SPORTAGE
672,fake,55.97615,99999740.0,60048.0,0.0,ROADSTER,C40
673,fake,83.985245,99999740.0,75098.0,0.0,S-CLASS,Q5
674,fake,54.0055,99999740.0,60048.0,0.0,EQE-CLASS SEDAN,S90
675,fake,106.018005,99999740.0,98124.0,0.0,KONA,TUCSON
676,fake,51.601326,99999740.0,98946.0,0.0,740E,FOCUS
677,fake,78.63822,99999740.0,99019.0,0.0,AIR,BENTAYGA
678,fake,62.88022,99999740.0,98942.0,0.0,PRIUS PRIME,RAV4
679,fake,115.64325,99999740.0,98639.0,0.0,R1T,I-PACE
680,fake,64.360085,99999740.0,98396.0,0.0,V60,EQ FORTWO
681,fake,68.98586,99999740.0,94403.0,0.0,B-CLASS,CITY
682,fake,75.85756,99999740.0,30905.0,0.0,CITY,SORENTO
683,fake,50.781166,99999740.0,39531.0,0.0,C40,EQS-CLASS SUV
684,fake,66.34538,99999740.0,98640.0,0.0,E-TRON GT,ESCAPE
685,fake,67.70424,99999740.0,99349.0,0.0,A8 E,BOLT EV
686,fake,54.149002,99999740.0,99131.0,0.0,RS E-TRON GT,CORSAIR
687,fake,44.40454,99999740.0,6371.0,0.0,AIR,740E
688,fake,127.49364,99999740.0,98620.0,0.0,IONIQ 6,FOCUS
689,fake,63.967575,99999740.0,98672.0,0.0,E-GOLF,EQS-CLASS SEDAN
690,fake,69.97405,99999740.0,99019.0,0.0,SPARK,745LE
691,fake,65.69849,99999740.0,28376.0,0.0,C-CLASS,EQE-CLASS SEDAN
692,fake,114.59269,99999740.0,98315.0,0.0,500,BOLT EV
693,fake,122.54332,99999740.0,70461.0,0.0,CAYENNE,X5
694,fake,55.445892,99999740.0,85248.0,0.0,R1T,OUTLANDER
695,fake,67.94853,99999740.0,98555.0,0.0,PRIUS PRIME,RANGE ROVER
696,fake,67.800125,99999740.0,98281.0,0.0,GLE-CLASS,EQE-CLASS SEDAN
697,fake,126.31296,99999740.0,99323.0,0.0,CROSSTREK,EQB-CLASS
698,fake,65.39651,99999740.0,98685.0,0.0,CORSAIR,TAYCAN
699,fake,66.32618,99999740.0,98586.0,0.0,SANTA FE,SORENTO
700,fake,97.331,99999740.0,60035.0,0.0,RANGE ROVER SPORT,I3
701,fake,72.18912,99999740.0,21037.0,0.0,SOUL,PACIFICA
702,fake,90.88835,99999740.0,99224.0,0.0,E-GOLF,IONIQ 5
703,fake,70.57221,99999740.0,8202.0,0.0,TRANSIT,OUTLANDER
704,fake,60.94383,99999740.0,98662.0,0.0,FOCUS,RANGE ROVER
705,fake,64.69691,99999740.0,98248.0,0.0,SONATA,SOUL EV
706,fake,71.29889,99999740.0,99323.0,0.0,ACCORD,Q4
707,fake,54.67893,99999740.0,98675.0,0.0,CAYENNE,ARIYA
708,fake,56.037178,99999740.0,98102.0,0.0,745LE,EQE-CLASS SEDAN
709,fake,74.59178,99999740.0,98260.0,0.0,FOCUS,XC90
710,fake,45.430466,99999740.0,99141.0,0.0,EQS-CLASS SUV,RAV4 PRIME
711,fake,50.331898,99999740.0,98635.0,0.0,ARIYA,MODEL S
712,fake,54.84144,99999740.0,82001.0,0.0,FUSION,E-TRON GT
713,fake,119.886246,99999740.0,98305.0,0.0,OUTLANDER,EQS-CLASS SUV
714,fake,65.943115,99999740.0,29404.0,0.0,BOLT EV,AIR
715,fake,70.22601,99999740.0,72205.0,0.0,CT6,E-TRON SPORTBACK
716,fake,44.725277,99999740.0,98223.0,0.0,SOLTERRA,HARDTOP
717,fake,62.413025,99999740.0,98562.0,0.0,WHEEGO,SOLTERRA
718,fake,65.163185,99999740.0,98501.0,0.0,MODEL S,KONA
719,fake,47.94504,99999740.0,98023.0,0.0,S60,ACCORD
720,fake,60.783844,99999740.0,98614.0,0.0,EQE-CLASS SEDAN,BENTAYGA
721,fake,46.237484,99999740.0,98579.0,0.0,IONIQ 5,RANGER
722,fake,61.000862,99999740.0,98368.0,0.0,E-TRON SPORTBACK,RANGE ROVER SPORT
723,fake,98.92778,99999740.0,94556.0,0.0,I8,MODEL 3
724,fake,59.051952,99999740.0,22304.0,0.0,MODEL X,I-MIEV
725,fake,45.30052,99999740.0,60004.0,0.0,LEAF,530E
726,fake,60.531715,99999740.0,92620.0,0.0,CLARITY,S90
727,fake,70.38626,99999740.0,99357.0,0.0,EQB-CLASS,MODEL Y
728,fake,64.72586,99999740.0,98042.0,0.0,745LE,RAV4
729,fake,98.13109,99999740.0,99212.0,0.0,918,SPARK
730,fake,59.303722,99999740.0,98575.0,0.0,AVIATOR,RANGE ROVER SPORT
731,fake,88.10962,99999740.0,98394.0,0.0,OPTIMA,GLC-CLASS
732,fake,56.639,99999740.0,98077.0,0.0,RZ 450E,918
733,fake,57.032158,99999740.0,98513.0,0.0,X3,FLYING SPUR
734,fake,73.966835,99999740.0,98108.0,0.0,CITY,RANGER
735,fake,101.22339,99999740.0,2842.0,0.0,S-CLASS,RS E-TRON GT
736,fake,76.79746,99999740.0,98520.0,0.0,MODEL X,GRAND CHEROKEE
737,fake,97.607124,99999740.0,98581.0,0.0,BENTAYGA,SANTA FE
738,fake,52.522438,99999740.0,99115.0,0.0,KARMA,EQS-CLASS SUV
739,fake,44.164337,99999740.0,20637.0,0.0,E-TRON SPORTBACK,CORSAIR
740,fake,53.220047,99999740.0,94556.0,0.0,AIR,A3
741,fake,97.237595,99999740.0,93921.0,0.0,KARMA,ELR
742,fake,98.59059,99999740.0,98850.0,0.0,ID.4,ESCAPE
743,fake,103.78257,99999740.0,85252.0,0.0,XC90,Q5 E
744,fake,85.950966,99999740.0,89166.0,0.0,EQ FORTWO,V60
745,fake,105.277145,99999740.0,98283.0,0.0,SPARK,SONATA
746,fake,58.069275,99999740.0,20653.0,0.0,CT6,EQ FORTWO
747,fake,78.63205,99999740.0,29483.0,0.0,EDV,E-TRON SPORTBACK
748,fake,88.782906,99999740.0,90621.0,0.0,CORSAIR,MODEL X
749,fake,49.221962,99999740.0,98168.0,0.0,PANAMERA,SOUL
750,fake,53.686066,99999740.0,98433.0,0.0,TRANSIT,KONA ELECTRIC
751,fake,77.264366,99999740.0,98631.0,0.0,SORENTO,CORSAIR
752,fake,63.33192,99999740.0,98201.0,0.0,CLARITY,EQ FORTWO
753,fake,61.509933,99999740.0,98592.0,0.0,PACIFICA,FORTWO
754,fake,88.57283,99999740.0,80501.0,0.0,EV6,BZ4X
755,fake,61.57077,99999740.0,98121.0,0.0,PACIFICA,WHEEGO
756,fake,47.12304,99999740.0,11753.0,0.0,S-10 PICKUP,E-TRON SPORTBACK
757,fake,90.636665,99999740.0,98569.0,0.0,CORSAIR,E-GOLF
758,fake,106.010544,99999740.0,79911.0,0.0,KONA ELECTRIC,MODEL S
759,fake,106.647804,99999740.0,99137.0,0.0,XC90,S90
760,fake,74.64525,99999740.0,99119.0,0.0,RAV4,500
761,fake,66.37493,99999740.0,98444.0,0.0,AIR,MODEL 3
762,fake,68.64985,99999740.0,99031.0,0.0,MODEL X,ACCORD
763,fake,71.29787,99999740.0,98572.0,0.0,EQ FORTWO,EV6
764,fake,52.093235,99999740.0,21037.0,0.0,EQE-CLASS SEDAN,GLE-CLASS
765,fake,82.819115,99999740.0,8055.0,0.0,X5,KONA ELECTRIC
766,fake,43.95826,99999740.0,99218.0,0.0,B-CLASS,FOCUS
767,fake,59.006535,99999740.0,21157.0,0.0,V60,RZ 450E
768,fake,99.078705,99999740.0,98581.0,0.0,S-10 PICKUP,RS E-TRON GT
769,fake,90.26855,99999740.0,98074.0,0.0,CLARITY,Q4
770,fake,66.432175,99999740.0,21012.0,0.0,I-PACE,PANAMERA
771,fake,94.11641,99999740.0,98258.0,0.0,COUNTRYMAN,SPARK
772,fake,73.43509,99999740.0,98331.0,0.0,530E,S60
773,fake,61.050327,99999740.0,99223.0,0.0,NX,FORTWO ELECTRIC DRIVE
774,fake,56.115326,99999740.0,40026.0,0.0,SOLTERRA,I-MIEV
775,fake,81.941635,99999740.0,92131.0,0.0,SPORTAGE,EV6
776,fake,48.26619,99999740.0,99173.0,0.0,GV60,745E
777,fake,111.66774,99999740.0,98115.0,0.0,I3,EDV
778,fake,47.064987,99999740.0,21113.0,0.0,KARMA,TRANSIT CONNECT ELECTRIC
779,fake,95.95094,99999740.0,98199.0,0.0,RZ 450E,A8 E
780,fake,78.88941,99999740.0,98547.0,0.0,OUTLANDER,C-CLASS
781,fake,46.453247,99999740.0,98932.0,0.0,Q5 E,HARDTOP
782,fake,53.02886,99999740.0,99323.0,0.0,HARDTOP,745E
783,fake,57.791386,99999740.0,98244.0,0.0,TRANSIT,C-MAX
784,fake,68.14676,99999740.0,12866.0,0.0,R1S,TUCSON
785,fake,91.29994,99999740.0,28545.0,0.0,AIR,IONIQ 5
786,fake,46.648376,99999740.0,92310.0,0.0,C-CLASS,OPTIMA
787,fake,102.939095,99999740.0,98638.0,0.0,E-TRON GT,LYRIQ
788,fake,117.36388,99999740.0,99129.0,0.0,ELR,GRAND CHEROKEE
789,fake,89.380264,99999740.0,98011.0,0.0,ESCAPE,I-PACE
790,fake,103.85707,99999740.0,98038.0,0.0,S-10 PICKUP,LYRIQ
791,fake,84.920296,99999740.0,80134.0,0.0,LEAF,LYRIQ
792,fake,118.20045,99999740.0,99021.0,0.0,ARIYA,FORTWO ELECTRIC DRIVE
793,fake,50.77024,99999740.0,98833.0,0.0,CT6,EV6
794,fake,77.71745,99999740.0,98336.0,0.0,HARDTOP,EQS-CLASS SUV
795,fake,67.37967,99999740.0,90802.0,0.0,FLYING SPUR,EV6
796,fake,74.83367,99999740.0,55408.0,0.0,530E,PACIFICA
797,fake,38.494198,99999740.0,98119.0,0.0,NX,X3
798,fake,48.55995,99999740.0,98947.0,0.0,Q5,S-10 PICKUP
799,fake,95.79829,99999740.0,98582.0,0.0,S-10 PICKUP,MODEL S
800,fake,100.3775,99999740.0,99701.0,0.0,SOUL,Q4
801,fake,53.568447,99999740.0,55408.0,0.0,CT6,SORENTO
802,fake,60.927505,99999740.0,98144.0,0.0,SORENTO,XC90
803,fake,81.91811,99999740.0,98577.0,0.0,EQE-CLASS SEDAN,WRANGLER
804,fake,91.29677,99999740.0,98563.0,0.0,RAV4,E-TRON GT
805,fake,67.62115,99999740.0,98188.0,0.0,E-TRON,R1T
806,fake,79.31991,99999740.0,70037.0,0.0,IONIQ 5,RANGE ROVER
807,fake,110.401596,99999740.0,98033.0,0.0,RAV4,TRANSIT CONNECT ELECTRIC
808,fake,64.296814,99999740.0,98591.0,0.0,A7,FUSION
809,fake,65.645256,99999740.0,21701.0,0.0,VOLT,EV6
810,fake,90.16991,99999740.0,98930.0,0.0,I8,B-CLASS
811,fake,79.90481,99999740.0,98568.0,0.0,LYRIQ,740E
812,fake,79.79313,99999740.0,98003.0,0.0,740E,LYRIQ
813,fake,88.50543,99999740.0,98360.0,0.0,I3,IONIQ 5
814,fake,52.098545,99999740.0,98932.0,0.0,WHEEGO,IONIQ 5
815,fake,70.676735,99999740.0,98267.0,0.0,S-10 PICKUP,ROADSTER
816,fake,84.26999,99999740.0,98595.0,0.0,SOUL,COUNTRYMAN
817,fake,84.101906,99999740.0,31088.0,0.0,RANGER,I8
818,fake,80.42567,99999740.0,82801.0,0.0,G80,F-150
819,fake,122.89057,99999740.0,98438.0,0.0,CAYENNE,BENTAYGA
820,fake,37.78601,99999740.0,95828.0,0.0,MUSTANG MACH-E,XC90
821,fake,32.416676,99999740.0,99301.0,0.0,CORSAIR,MODEL Y
822,fake,95.198845,99999740.0,98850.0,0.0,EQS-CLASS SUV,Q4
823,fake,103.05193,99999740.0,98951.0,0.0,LEAF,EDV
824,fake,43.14674,99999740.0,98380.0,0.0,BENTAYGA,EQS-CLASS SEDAN
825,fake,55.176693,99999740.0,89084.0,0.0,FUSION,MODEL Y
826,fake,46.430542,99999740.0,95051.0,0.0,XC90,FORTWO
827,fake,45.736553,99999740.0,29464.0,0.0,E-TRON,I-MIEV
828,fake,51.44158,99999740.0,98117.0,0.0,PRIUS PRIME,NX
829,fake,102.67639,99999740.0,30030.0,0.0,RZ 450E,SPORTAGE
830,fake,102.99912,99999740.0,21756.0,0.0,AVIATOR,745LE
831,fake,51.205383,99999740.0,99336.0,0.0,EQE-CLASS SEDAN,SOUL
832,fake,91.42506,99999740.0,94403.0,0.0,C40,PRIUS PLUG-IN
833,fake,75.46562,99999740.0,98941.0,0.0,Q4,I-MIEV
834,fake,85.34684,99999740.0,99118.0,0.0,BENTAYGA,PRIUS PLUG-IN
835,fake,99.8517,99999740.0,98116.0,0.0,GLC-CLASS,LEAF
836,fake,105.54062,99999740.0,98321.0,0.0,CT6,V60
837,fake,63.417786,99999740.0,98286.0,0.0,S60,FUSION
838,fake,91.82092,99999740.0,78258.0,0.0,GRAND CHEROKEE,ELR
839,fake,76.8915,99999740.0,98223.0,0.0,E-TRON GT,FOCUS
840,fake,75.94546,99999740.0,6355.0,0.0,Q4,IONIQ 6
841,fake,91.39719,99999740.0,98118.0,0.0,RAV4,FORTWO ELECTRIC DRIVE
842,fake,69.22912,99999740.0,98332.0,0.0,V60,OPTIMA
843,fake,91.382904,99999740.0,99350.0,0.0,745E,FORTWO ELECTRIC DRIVE
844,fake,48.771378,99999740.0,98199.0,0.0,HARDTOP,PS2
845,fake,53.779976,99999740.0,98507.0,0.0,EDV,E-TRON SPORTBACK
846,fake,42.2368,99999740.0,30013.0,0.0,GLE-CLASS,CITY
847,fake,43.12621,99999740.0,99336.0,0.0,330E,Q5 E
848,fake,90.6731,99999740.0,98576.0,0.0,TAYCAN,BOLT EV
849,fake,64.835655,99999740.0,98245.0,0.0,330E,CORSAIR
850,fake,32.442352,99999740.0,99017.0,0.0,AIR,PANAMERA
851,fake,68.62225,99999740.0,92672.0,0.0,S-10 PICKUP,I-MIEV
852,fake,60.292446,99999740.0,98239.0,0.0,BZ4X,BOLT EV
853,fake,62.812107,99999740.0,98039.0,0.0,OPTIMA,R1T
854,fake,111.57797,99999740.0,98331.0,0.0,SPARK,I3
855,fake,89.49077,99999740.0,80547.0,0.0,FLYING SPUR,AVIATOR
856,fake,56.61051,99999740.0,99173.0,0.0,TRANSIT,OUTLANDER
857,fake,129.33862,99999740.0,98239.0,0.0,R1S,S60
858,fake,67.67483,99999740.0,98605.0,0.0,GV60,E-TRON
859,fake,84.35562,99999740.0,92057.0,0.0,SPARK,I-MIEV
860,fake,127.29987,99999740.0,98387.0,0.0,GLC-CLASS,E-TRON SPORTBACK
861,fake,82.804695,99999740.0,98005.0,0.0,IONIQ 5,X5
862,fake,95.247604,99999740.0,98569.0,0.0,FORTWO,E-TRON SPORTBACK
863,fake,91.68746,99999740.0,20876.0,0.0,RANGE ROVER SPORT,C-MAX
864,fake,50.141727,99999740.0,90005.0,0.0,RANGE ROVER SPORT,PANAMERA
865,fake,83.0229,99999740.0,99185.0,0.0,I-PACE,ROADSTER
866,fake,59.391445,99999740.0,98310.0,0.0,FOCUS,IONIQ
867,fake,81.326996,99999740.0,20774.0,0.0,CORSAIR,LEAF
868,fake,63.932266,99999740.0,98124.0,0.0,X3,EQE-CLASS SEDAN
869,fake,54.457886,99999740.0,99701.0,0.0,745LE,FORTWO ELECTRIC DRIVE
870,fake,68.00101,99999740.0,98445.0,0.0,Q5 E,PANAMERA
871,fake,48.941727,99999740.0,23321.0,0.0,IONIQ 5,PANAMERA
872,fake,66.02028,99999740.0,30905.0,0.0,R1T,EQS-CLASS SEDAN
873,fake,86.46195,99999740.0,98606.0,0.0,ESCAPE,AIR
874,fake,73.10424,99999740.0,99031.0,0.0,C40,CT6
875,fake,80.13669,99999740.0,98513.0,0.0,CROSSTREK,ELR
876,fake,87.31054,99999740.0,3804.0,0.0,LEAF,NX
877,fake,109.02739,99999740.0,98647.0,0.0,E-TRON SPORTBACK,RAV4 PRIME
878,fake,62.551197,99999740.0,13638.0,0.0,AIR,MODEL 3
879,fake,76.17615,99999740.0,98617.0,0.0,E-TRON SPORTBACK,AIR
880,fake,84.71799,99999740.0,98411.0,0.0,I4,C-MAX
881,fake,62.426453,99999740.0,20762.0,0.0,FLYING SPUR,SPARK
882,fake,35.487083,99999740.0,98930.0,0.0,KARMA,SONATA
883,fake,51.556076,99999740.0,21756.0,0.0,500,OUTLANDER
884,fake,74.17295,99999740.0,98119.0,0.0,FLYING SPUR,RZ 450E
885,fake,56.654736,99999740.0,98283.0,0.0,S90,E-TRON
886,fake,95.2897,99999740.0,98541.0,0.0,IX,R1T
887,fake,115.65481,99999740.0,20007.0,0.0,HARDTOP,FUSION
888,fake,64.17806,99999740.0,98092.0,0.0,RZ 450E,SANTA FE
889,fake,59.93611,99999740.0,98577.0,0.0,KARMA,F-150
890,fake,58.526802,99999740.0,98660.0,0.0,RAV4 PRIME,GRAND CHEROKEE
891,fake,40.44747,99999740.0,98158.0,0.0,WRANGLER,ACCORD
892,fake,53.180088,99999740.0,21401.0,0.0,ELR,EQS-CLASS SUV
893,fake,63.805534,99999740.0,99125.0,0.0,HARDTOP,RZ 450E
894,fake,73.77208,99999740.0,98168.0,0.0,I8,Q5 E
895,fake,45.036316,99999740.0,23517.0,0.0,S90,EV6
896,fake,59.58159,99999740.0,98338.0,0.0,AVIATOR,S-10 PICKUP
897,fake,70.225494,99999740.0,75068.0,0.0,B-CLASS,SPARK
898,fake,67.92021,99999740.0,98638.0,0.0,ESCAPE,A8 E
899,fake,74.25574,99999740.0,20762.0,0.0,S60,F-150
900,fake,72.27018,99999740.0,98577.0,0.0,SANTA FE,X3
901,fake,57.40741,99999740.0,98569.0,0.0,918,OUTLANDER
902,fake,30.738163,99999740.0,98938.0,0.0,XC90,TUCSON
903,fake,44.9959,99999740.0,99320.0,0.0,NX,XC60
904,fake,62.859226,99999740.0,68102.0,0.0,Q4,SANTA FE
905,fake,86.98361,99999740.0,97304.0,0.0,Q4,Q5
906,fake,47.404007,99999740.0,98331.0,0.0,S-CLASS,PACIFICA
907,fake,39.46634,99999740.0,20774.0,0.0,LYRIQ,X3
908,fake,54.28405,99999740.0,99362.0,0.0,BOLT EV,PACIFICA
909,fake,62.166317,99999740.0,98118.0,0.0,F-150,SOUL EV
910,fake,56.709583,99999740.0,99023.0,0.0,RZ 450E,SPORTAGE
911,fake,42.972435,99999740.0,99344.0,0.0,TRANSIT CONNECT ELECTRIC,WRANGLER
912,fake,35.325405,99999740.0,98125.0,0.0,MUSTANG MACH-E,Q4
913,fake,78.385315,99999740.0,98074.0,0.0,XC60,MODEL X
914,fake,65.5742,99999740.0,98610.0,0.0,SONATA,KONA ELECTRIC
915,fake,70.11244,99999740.0,99101.0,0.0,PRIUS PRIME,HARDTOP
916,fake,58.7165,99999740.0,45243.0,0.0,KONA,IONIQ 5
917,fake,64.11607,99999740.0,98512.0,0.0,KONA,IONIQ 6
918,fake,56.282852,99999740.0,98651.0,0.0,S90,SORENTO
919,fake,104.402405,99999740.0,92051.0,0.0,MODEL X,IX
920,fake,63.414543,99999740.0,23508.0,0.0,SOUL EV,I-PACE
921,fake,52.535873,99999740.0,98362.0,0.0,RS E-TRON GT,ACCORD
922,fake,116.46973,99999740.0,96818.0,0.0,I4,GLC-CLASS
923,fake,50.150528,99999740.0,6379.0,0.0,SOUL,EQ FORTWO
924,fake,99.91461,99999740.0,98011.0,0.0,IONIQ 6,500
925,fake,59.842014,99999740.0,98230.0,0.0,B-CLASS,RANGE ROVER
926,fake,78.503235,99999740.0,62220.0,0.0,745E,ACCORD
927,fake,57.194427,99999740.0,78251.0,0.0,C40,IX
928,fake,88.4956,99999740.0,93921.0,0.0,C40,SPORTAGE
929,fake,69.01788,99999740.0,98936.0,0.0,CAYENNE,SONATA
930,fake,42.745518,99999740.0,23602.0,0.0,PS2,I8
931,fake,46.50744,99999740.0,92118.0,0.0,500,ID.4
932,fake,91.88563,99999740.0,99173.0,0.0,I-PACE,MODEL Y
933,fake,97.7393,99999740.0,21036.0,0.0,Q5 E,BZ4X
934,fake,79.99986,99999740.0,98565.0,0.0,IX,R1S
935,fake,44.975494,99999740.0,99036.0,0.0,R1T,530E
936,fake,63.201042,99999740.0,20603.0,0.0,KONA,XC40
937,fake,77.908356,99999740.0,61201.0,0.0,IX,GV60
938,fake,98.08766,99999740.0,98134.0,0.0,FOCUS,MODEL 3
939,fake,53.664375,99999740.0,98587.0,0.0,EV6,MODEL X
940,fake,70.23945,99999740.0,99017.0,0.0,ARIYA,FOCUS
941,fake,83.030464,99999740.0,90620.0,0.0,MODEL Y,S-CLASS
942,fake,85.67295,99999740.0,91913.0,0.0,GV60,F-150
943,fake,71.08109,99999740.0,98275.0,0.0,E-GOLF,EQB-CLASS
944,fake,48.699272,99999740.0,62281.0,0.0,CT6,RZ 450E
945,fake,83.269424,99999740.0,98297.0,0.0,MODEL S,G80
946,fake,41.642906,99999740.0,94303.0,0.0,X3,FUSION
947,fake,76.90684,99999740.0,70461.0,0.0,MODEL 3,EQS-CLASS SEDAN
948,fake,89.80477,99999740.0,99323.0,0.0,NX,BOLT EUV
949,fake,87.55368,99999740.0,98832.0,0.0,EQS-CLASS SEDAN,EQS-CLASS SUV
950,fake,51.652252,99999740.0,89029.0,0.0,SPORTAGE,PANAMERA
951,fake,84.14993,99999740.0,98903.0,0.0,WHEEGO,EQE-CLASS SEDAN
952,fake,114.51233,99999740.0,78251.0,0.0,SORENTO,WHEEGO
953,fake,88.24641,99999740.0,99130.0,0.0,SOUL EV,CITY
954,fake,78.58316,99999740.0,92602.0,0.0,FUSION,740E
955,fake,41.82987,99999740.0,98816.0,0.0,FOCUS,F-150
956,fake,69.988754,99999740.0,98828.0,0.0,PANAMERA,RS E-TRON GT
957,fake,98.37404,99999740.0,99326.0,0.0,CT6,WRANGLER
958,fake,66.80345,99999740.0,29404.0,0.0,I-PACE,E-TRON GT
959,fake,61.227474,99999740.0,99022.0,0.0,CT6,ARIYA
960,fake,77.315674,99999740.0,6385.0,0.0,RZ 450E,IONIQ 6
961,fake,71.88249,99999740.0,98203.0,0.0,EQS-CLASS SUV,EV6
962,fake,39.73396,99999740.0,20003.0,0.0,IX,MODEL S
963,fake,94.45674,99999740.0,95062.0,0.0,SONATA,RAV4 PRIME
964,fake,61.67975,99999740.0,98021.0,0.0,X5,RZ 450E
965,fake,92.181015,99999740.0,22180.0,0.0,WHEEGO,CT6
966,fake,64.1538,99999740.0,60004.0,0.0,330E,CROSSTREK
967,fake,58.863377,99999740.0,98855.0,0.0,AVIATOR,IONIQ
968,fake,82.39314,99999740.0,98356.0,0.0,PANAMERA,S-10 PICKUP
969,fake,106.844406,99999740.0,98023.0,0.0,ESCAPE,EQ FORTWO
970,fake,81.59393,99999740.0,98801.0,0.0,GLC-CLASS,E-TRON GT
971,fake,102.67975,99999740.0,98565.0,0.0,CORSAIR,TRANSIT CONNECT ELECTRIC
972,fake,91.04735,99999740.0,98571.0,0.0,FORTWO ELECTRIC DRIVE,EDV
973,fake,47.555977,99999740.0,99129.0,0.0,SANTA FE,GLC-CLASS
974,fake,122.64352,99999740.0,98376.0,0.0,B-CLASS,X3
975,fake,61.281914,99999740.0,99008.0,0.0,GV60,XC60
976,fake,112.29065,99999740.0,99223.0,0.0,LEAF,SOLTERRA
977,fake,44.27253,99999740.0,98377.0,0.0,E-GOLF,I8
978,fake,72.71233,99999740.0,94559.0,0.0,G80,SPARK
979,fake,50.281532,99999740.0,21157.0,0.0,XC90,FOCUS
980,fake,86.80643,99999740.0,98121.0,0.0,530E,RANGER
981,fake,72.56207,99999740.0,37042.0,0.0,S-CLASS,MODEL 3
982,fake,79.98307,99999740.0,98445.0,0.0,XC90,X5
983,fake,64.96445,99999740.0,95688.0,0.0,MODEL Y,PRIUS PRIME
984,fake,99.19815,99999740.0,98023.0,0.0,EQ FORTWO,GLE-CLASS
985,fake,65.875565,99999740.0,99350.0,0.0,RANGE ROVER,TRANSIT
986,fake,61.289673,99999740.0,98155.0,0.0,SOLTERRA,WHEEGO
987,fake,103.56019,99999740.0,99353.0,0.0,KARMA,RZ 450E
988,fake,103.418465,99999740.0,94901.0,0.0,E-TRON SPORTBACK,EQ FORTWO
989,fake,75.98457,99999740.0,23517.0,0.0,740E,SOUL EV
990,fake,72.55108,99999740.0,98249.0,0.0,TAYCAN,500
991,fake,60.857346,99999740.0,98260.0,0.0,GLC-CLASS,V60
992,fake,113.76595,99999740.0,68135.0,0.0,IX,X3
993,fake,48.20842,99999740.0,83876.0,0.0,WRANGLER,SOUL
994,fake,52.503227,99999740.0,98354.0,0.0,I4,SOUL
995,fake,68.88658,99999740.0,98155.0,0.0,X3,NIRO
996,fake,64.93204,99999740.0,98043.0,0.0,CROSSTREK,E-GOLF
997,fake,36.01112,99999740.0,98604.0,0.0,ROADSTER,AVIATOR
998,fake,115.041595,99999740.0,90016.0,0.0,XC40,745E
999,fake,66.03049,99999740.0,99121.0,0.0,I4,XC60
